{"Sub-mesh_1": {"mesh_information": {"203": {"Condition": ["fffda"]}}, "nodes_read": {"1": [100.0, 0.0, 0.0], "6": [95.5572805786141, 29.4755174410904, 0.0], "7": [82.6238774315995, 56.3320058063622, 0.0], "8": [62.3489801858734, 78.183148246803, 0.0], "9": [36.5341024366395, 93.0873748644204, 0.0], "10": [7.47300935864246, 99.720379718118, 0.0], "11": [-22.2520933956314, 97.4927912181824, 0.0], "12": [-49.9999999999999, 86.6025403784439, 0.0], "13": [-73.3051871829826, 68.017273777092, 0.0], "14": [-90.0968867902419, 43.3883739117559, 0.0], "15": [-98.8830826225128, 14.9042266176176, 0.0], "16": [-98.8830826225129, -14.9042266176173, 0.0], "17": [-90.096886790242, -43.3883739117557, 0.0], "18": [-73.3051871829827, -68.0172737770918, 0.0], "19": [-50.0000000000001, -86.6025403784438, 0.0], "20": [-22.2520933956315, -97.4927912181823, 0.0], "21": [7.47300935864235, -99.720379718118, 0.0], "22": [36.5341024366395, -93.0873748644204, 0.0], "23": [62.3489801858733, -78.183148246803, 0.0], "24": [82.6238774315995, -56.3320058063622, 0.0], "25": [95.5572805786141, -29.4755174410904, 0.0], "46": [-63.0609850188137, -15.2671905170539, 0.0], "47": [69.0251470872067, -15.2414258866202, 0.0], "48": [-4.13282304258639, 85.2094395141123, 0.0], "49": [29.2385231095031, -72.273908339444, 0.0], "50": [-32.0155324875791, -68.1066796827699, 0.0], "51": [0.637805069278183, -16.1816205537725, 0.0], "52": [-32.0865236190694, 39.6238763015112, 0.0], "53": [32.8185516015728, 39.4116943401389, 0.0], "54": [76.20540585179, 12.5153558033937, 0.0], "55": [75.3296067307714, -37.3194831275113, 0.0], "56": [52.6584872965766, -45.8521637765922, 0.0], "57": [-77.2680588096903, 13.2716658704065, 0.0], "58": [-45.7810342416377, -41.9679161726387, 0.0], "59": [-72.0562831786453, -41.5444590022564, 0.0], "60": [-2.45217184024205, -71.3149489273082, 0.0], "61": [-15.8143869306294, -43.4247691025845, 0.0], "62": [-31.5272073191011, -15.6838824616738, 0.0], "63": [16.4849106494456, -44.3747650256355, 0.0], "64": [34.0444838939691, -16.3475077584366, 0.0], "65": [-47.3475538952135, 12.2770482722029, 0.0], "66": [-61.6818281982686, 39.9214925287308, 0.0], "67": [-47.3641953002996, 61.3662981904844, 0.0], "68": [-19.63589347137, 69.1440917897456, 0.0], "69": [49.1410859366235, 11.5959536265509, 0.0], "70": [64.5789181451883, 35.9561484783327, 0.0], "71": [15.0145230028946, 70.3448401252108, 0.0], "72": [49.1558899441115, 62.8074390755393, 0.0], "73": [-0.224844326352244, 40.5323231276114, 0.0], "74": [16.8270701697326, 11.9189664870211, 0.0], "75": [-15.6828744855448, 12.0787463938541, 0.0], "76": [-55.1626257076416, -62.0196114478364, 0.0]}, "geom_entities_read": {"47": [203, [48, 10, 71]], "48": [203, [68, 12, 11]], "49": [203, [11, 10, 48]], "50": [203, [54, 6, 1]], "51": [203, [7, 6, 70]], "52": [203, [1, 47, 54]], "53": [203, [56, 47, 55]], "54": [203, [19, 76, 50]], "55": [203, [55, 24, 56]], "56": [203, [23, 56, 24]], "57": [203, [49, 23, 22]], "58": [203, [56, 23, 49]], "59": [203, [25, 24, 55]], "60": [203, [55, 47, 25]], "61": [203, [47, 1, 25]], "62": [203, [46, 16, 57]], "63": [203, [57, 15, 14]], "64": [203, [15, 57, 16]], "65": [203, [16, 46, 59]], "66": [203, [59, 46, 58]], "67": [203, [58, 50, 76]], "68": [203, [18, 59, 76]], "69": [203, [21, 20, 60]], "70": [203, [50, 20, 19]], "71": [203, [58, 76, 59]], "72": [203, [18, 76, 19]], "73": [203, [18, 17, 59]], "74": [203, [16, 59, 17]], "75": [203, [50, 60, 20]], "76": [203, [21, 49, 22]], "77": [203, [61, 50, 58]], "78": [203, [49, 21, 60]], "79": [203, [62, 58, 46]], "80": [203, [51, 61, 62]], "81": [203, [58, 62, 61]], "82": [203, [56, 49, 63]], "83": [203, [64, 63, 51]], "84": [203, [47, 56, 64]], "85": [203, [63, 64, 56]], "86": [203, [61, 51, 63]], "87": [203, [60, 63, 49]], "88": [203, [50, 61, 60]], "89": [203, [63, 60, 61]], "90": [203, [65, 46, 57]], "91": [203, [66, 57, 14]], "92": [203, [52, 65, 66]], "93": [203, [57, 66, 65]], "94": [203, [68, 52, 67]], "95": [203, [48, 68, 11]], "96": [203, [12, 68, 67]], "97": [203, [66, 67, 52]], "98": [203, [54, 47, 69]], "99": [203, [66, 14, 13]], "100": [203, [67, 13, 12]], "101": [203, [66, 13, 67]], "102": [203, [70, 69, 53]], "103": [203, [54, 70, 6]], "104": [203, [69, 70, 54]], "105": [203, [72, 53, 71]], "106": [203, [72, 71, 9]], "107": [203, [10, 9, 71]], "108": [203, [72, 9, 8]], "109": [203, [53, 72, 70]], "110": [203, [72, 8, 7]], "111": [203, [70, 72, 7]], "112": [203, [68, 48, 71]], "113": [203, [73, 71, 53]], "114": [203, [52, 68, 73]], "115": [203, [71, 73, 68]], "116": [203, [74, 53, 69]], "117": [203, [64, 69, 47]], "118": [203, [51, 74, 64]], "119": [203, [69, 64, 74]], "120": [203, [65, 52, 75]], "121": [203, [62, 75, 51]], "122": [203, [46, 65, 62]], "123": [203, [75, 62, 65]], "124": [203, [74, 51, 75]], "125": [203, [73, 75, 52]], "126": [203, [53, 74, 73]], "127": [203, [75, 73, 74]]}}}